{
    "children": [
        {
            "children": [
                {
                    "name": "X-TIKA:Parsed-By",
                    "size": 214
                },
                {
                    "name": "X-TIKA:Parsed-By-Full-Set",
                    "size": 214
                },
                {
                    "name": "X-TIKA:content_handler",
                    "size": 214
                },
                {
                    "name": "Content-Encoding",
                    "size": 214
                },
                {
                    "name": "X-TIKA:parse_time_millis",
                    "size": 214
                },
                {
                    "name": "X-TIKA:embedded_depth",
                    "size": 214
                },
                {
                    "name": "resourceName",
                    "size": 214
                },
                {
                    "name": "Content-Length",
                    "size": 214
                },
                {
                    "name": "Content-Type",
                    "size": 214
                }
            ],
            "name": "cluster0"
        }
    ],
    "name": "clusters"
}