{
    "children": [
        {
            "children": [
                {
                    "name": "../Datasets/third.csv  0.9999671804228136",
                    "size": "0.9999671804228136"
                },
                {
                    "name": "../Datasets/second.csv  0.9999671804228136",
                    "size": "0.9999671804228136"
                }
            ],
            "name": "cluster 0"
        },
        {
            "children": [
                {
                    "name": "../Datasets/second.csv  0.9999999999999999",
                    "size": "0.9999999999999999"
                }
            ],
            "name": "cluster 1"
        }
    ],
    "name": "clusters"
}